Size,Swaps,Pattern
3,0,0 1 2
3,1,0 2 1
3,2,1 2 0
3,3,2 1 0
4,0,0 1 2 3
4,1,0 1 3 2
4,2,0 2 3 1
5,0,0 1 2 3 4
5,1,0 1 2 4 3
5,2,0 1 3 4 2
5,3,0 1 4 3 2
5,4,0 2 4 3 1
4,3,0 3 2 1
6,0,0 1 2 3 4 5
6,1,0 1 2 3 5 4
6,2,0 1 2 4 5 3
6,3,0 1 2 5 4 3
6,4,0 1 3 5 4 2
6,5,0 1 4 5 3 2
6,6,0 1 5 4 3 2
5,5,0 3 4 2 1
5,6,0 4 3 2 1
7,0,0 1 2 3 4 5 6
7,1,0 1 2 3 4 6 5
7,2,0 1 2 3 5 6 4
7,3,0 1 2 3 6 5 4
7,4,0 1 2 4 6 5 3
8,0,0 1 2 3 4 5 6 7
8,1,0 1 2 3 4 5 7 6
8,2,0 1 2 3 4 6 7 5
8,3,0 1 2 3 4 7 6 5
8,4,0 1 2 3 5 7 6 4
8,5,0 1 2 3 6 7 5 4
8,6,0 1 2 3 7 6 5 4
4,4,1 3 2 0
8,7,0 1 2 4 7 6 5 3
10,0,0 1 2 3 4 5 6 7 8 9
10,1,0 1 2 3 4 5 6 7 9 8
4,5,2 3 1 0
9,0,0 1 2 3 4 5 6 7 8
9,1,0 1 2 3 4 5 6 8 7
9,2,0 1 2 3 4 5 7 8 6
10,2,0 1 2 3 4 5 6 8 9 7
9,3,0 1 2 3 4 5 8 7 6
9,4,0 1 2 3 4 6 8 7 5
9,5,0 1 2 3 4 7 8 6 5
11,0,0 1 2 3 4 5 6 7 8 9 10
11,1,0 1 2 3 4 5 6 7 8 10 9
11,2,0 1 2 3 4 5 6 7 9 10 8
11,3,0 1 2 3 4 5 6 7 10 9 8
10,3,0 1 2 3 4 5 6 9 8 7
9,6,0 1 2 3 4 8 7 6 5
7,5,0 1 2 5 6 4 3
7,6,0 1 2 6 5 4 3
8,8,0 1 2 5 7 6 4 3
10,4,0 1 2 3 4 5 7 9 8 6
7,7,0 1 3 6 5 4 2
9,7,0 1 2 3 5 8 7 6 4
4,6,3 2 1 0
12,0,0 1 2 3 4 5 6 7 8 9 10 11
12,1,0 1 2 3 4 5 6 7 8 9 11 10
12,2,0 1 2 3 4 5 6 7 8 10 11 9
12,3,0 1 2 3 4 5 6 7 8 11 10 9
12,4,0 1 2 3 4 5 6 7 9 11 10 8
12,5,0 1 2 3 4 5 6 7 10 11 9 8
12,6,0 1 2 3 4 5 6 7 11 10 9 8
7,8,0 1 4 6 5 3 2
10,5,0 1 2 3 4 5 8 9 7 6
10,6,0 1 2 3 4 5 9 8 7 6
6,7,0 2 5 4 3 1
10,7,0 1 2 3 4 6 9 8 7 5
7,9,0 1 5 6 4 3 2
6,8,0 3 5 4 2 1
14,0,0 1 2 3 4 5 6 7 8 9 10 11 12 13
14,1,0 1 2 3 4 5 6 7 8 9 10 11 13 12
14,2,0 1 2 3 4 5 6 7 8 9 10 12 13 11
14,3,0 1 2 3 4 5 6 7 8 9 10 13 12 11
14,4,0 1 2 3 4 5 6 7 8 9 11 13 12 10
10,8,0 1 2 3 4 7 9 8 6 5
11,4,0 1 2 3 4 5 6 8 10 9 7
12,7,0 1 2 3 4 5 6 8 11 10 9 7
11,5,0 1 2 3 4 5 6 9 10 8 7
12,8,0 1 2 3 4 5 6 9 11 10 8 7
11,6,0 1 2 3 4 5 6 10 9 8 7
12,9,0 1 2 3 4 5 6 10 11 9 8 7
7,10,0 1 6 5 4 3 2
9,8,0 1 2 3 6 8 7 5 4
13,0,0 1 2 3 4 5 6 7 8 9 10 11 12
13,1,0 1 2 3 4 5 6 7 8 9 10 12 11
13,2,0 1 2 3 4 5 6 7 8 9 11 12 10
15,0,0 1 2 3 4 5 6 7 8 9 10 11 12 13 14
15,1,0 1 2 3 4 5 6 7 8 9 10 11 12 14 13
15,2,0 1 2 3 4 5 6 7 8 9 10 11 13 14 12
13,3,0 1 2 3 4 5 6 7 8 9 12 11 10
16,0,0 1 2 3 4 5 6 7 8 9 10 11 12 13 14 15
18,0,0 1 2 3 4 5 6 7 8 9 10 11 12 13 14 15 16 17
18,1,0 1 2 3 4 5 6 7 8 9 10 11 12 13 14 15 17 16
16,1,0 1 2 3 4 5 6 7 8 9 10 11 12 13 15 14
13,4,0 1 2 3 4 5 6 7 8 10 12 11 9
17,0,0 1 2 3 4 5 6 7 8 9 10 11 12 13 14 15 16
19,0,0 1 2 3 4 5 6 7 8 9 10 11 12 13 14 15 16 17 18
19,1,0 1 2 3 4 5 6 7 8 9 10 11 12 13 14 15 16 18 17
19,2,0 1 2 3 4 5 6 7 8 9 10 11 12 13 14 15 17 18 16
20,0,0 1 2 3 4 5 6 7 8 9 10 11 12 13 14 15 16 17 18 19
20,1,0 1 2 3 4 5 6 7 8 9 10 11 12 13 14 15 16 17 19 18
20,2,0 1 2 3 4 5 6 7 8 9 10 11 12 13 14 15 16 18 19 17
18,2,0 1 2 3 4 5 6 7 8 9 10 11 12 13 14 16 17 15
17,1,0 1 2 3 4 5 6 7 8 9 10 11 12 13 14 16 15
17,2,0 1 2 3 4 5 6 7 8 9 10 11 12 13 15 16 14
8,9,0 1 2 6 7 5 4 3
6,9,0 4 5 3 2 1
16,2,0 1 2 3 4 5 6 7 8 9 10 11 12 14 15 13
18,3,0 1 2 3 4 5 6 7 8 9 10 11 12 13 14 17 16 15
15,3,0 1 2 3 4 5 6 7 8 9 10 11 14 13 12
17,3,0 1 2 3 4 5 6 7 8 9 10 11 12 13 16 15 14
20,3,0 1 2 3 4 5 6 7 8 9 10 11 12 13 14 15 16 19 18 17
13,5,0 1 2 3 4 5 6 7 8 11 12 10 9
18,4,0 1 2 3 4 5 6 7 8 9 10 11 12 13 15 17 16 14
13,6,0 1 2 3 4 5 6 7 8 12 11 10 9
10,9,0 1 2 3 4 8 9 7 6 5
19,3,0 1 2 3 4 5 6 7 8 9 10 11 12 13 14 15 18 17 16
14,5,0 1 2 3 4 5 6 7 8 9 12 13 11 10
14,6,0 1 2 3 4 5 6 7 8 9 13 12 11 10
20,4,0 1 2 3 4 5 6 7 8 9 10 11 12 13 14 15 17 19 18 16
17,4,0 1 2 3 4 5 6 7 8 9 10 11 12 14 16 15 13
18,5,0 1 2 3 4 5 6 7 8 9 10 11 12 13 16 17 15 14
20,5,0 1 2 3 4 5 6 7 8 9 10 11 12 13 14 15 18 19 17 16
17,5,0 1 2 3 4 5 6 7 8 9 10 11 12 15 16 14 13
18,6,0 1 2 3 4 5 6 7 8 9 10 11 12 13 17 16 15 14
15,4,0 1 2 3 4 5 6 7 8 9 10 12 14 13 11
16,3,0 1 2 3 4 5 6 7 8 9 10 11 12 15 14 13
12,10,0 1 2 3 4 5 6 11 10 9 8 7
6,10,0 5 4 3 2 1
15,5,0 1 2 3 4 5 6 7 8 9 10 13 14 12 11
15,6,0 1 2 3 4 5 6 7 8 9 10 14 13 12 11
8,10,0 1 2 7 6 5 4 3
9,9,0 1 2 3 7 8 6 5 4
19,4,0 1 2 3 4 5 6 7 8 9 10 11 12 13 14 16 18 17 15
20,6,0 1 2 3 4 5 6 7 8 9 10 11 12 13 14 15 19 18 17 16
19,5,0 1 2 3 4 5 6 7 8 9 10 11 12 13 14 17 18 16 15
17,6,0 1 2 3 4 5 6 7 8 9 10 11 12 16 15 14 13
18,7,0 1 2 3 4 5 6 7 8 9 10 11 12 14 17 16 15 13
14,7,0 1 2 3 4 5 6 7 8 10 13 12 11 9
15,7,0 1 2 3 4 5 6 7 8 9 11 14 13 12 10
17,7,0 1 2 3 4 5 6 7 8 9 10 11 13 16 15 14 12
13,7,0 1 2 3 4 5 6 7 9 12 11 10 8
11,7,0 1 2 3 4 5 7 10 9 8 6
9,10,0 1 2 3 8 7 6 5 4
11,8,0 1 2 3 4 5 8 10 9 7 6
15,8,0 1 2 3 4 5 6 7 8 9 12 14 13 11 10
19,6,0 1 2 3 4 5 6 7 8 9 10 11 12 13 14 18 17 16 15
17,8,0 1 2 3 4 5 6 7 8 9 10 11 14 16 15 13 12
14,8,0 1 2 3 4 5 6 7 8 11 13 12 10 9
15,9,0 1 2 3 4 5 6 7 8 9 13 14 12 11 10
18,8,0 1 2 3 4 5 6 7 8 9 10 11 12 15 17 16 14 13
11,9,0 1 2 3 4 5 9 10 8 7 6
14,9,0 1 2 3 4 5 6 7 8 12 13 11 10 9
20,7,0 1 2 3 4 5 6 7 8 9 10 11 12 13 14 16 19 18 17 15
16,4,0 1 2 3 4 5 6 7 8 9 10 11 13 15 14 12
16,5,0 1 2 3 4 5 6 7 8 9 10 11 14 15 13 12
16,6,0 1 2 3 4 5 6 7 8 9 10 11 15 14 13 12
18,9,0 1 2 3 4 5 6 7 8 9 10 11 12 16 17 15 14 13
15,10,0 1 2 3 4 5 6 7 8 9 14 13 12 11 10
5,7,1 4 3 2 0
10,10,0 1 2 3 4 9 8 7 6 5
5,8,2 4 3 1 0
16,7,0 1 2 3 4 5 6 7 8 9 10 12 15 14 13 11
17,9,0 1 2 3 4 5 6 7 8 9 10 11 15 16 14 13 12
14,10,0 1 2 3 4 5 6 7 8 13 12 11 10 9
18,10,0 1 2 3 4 5 6 7 8 9 10 11 12 17 16 15 14 13
5,9,3 4 2 1 0
7,11,0 2 6 5 4 3 1
11,10,0 1 2 3 4 5 10 9 8 7 6
17,10,0 1 2 3 4 5 6 7 8 9 10 11 16 15 14 13 12
13,8,0 1 2 3 4 5 6 7 10 12 11 9 8
13,9,0 1 2 3 4 5 6 7 11 12 10 9 8
16,8,0 1 2 3 4 5 6 7 8 9 10 13 15 14 12 11
20,8,0 1 2 3 4 5 6 7 8 9 10 11 12 13 14 17 19 18 16 15
6,11,1 5 4 3 2 0
5,10,4 3 2 1 0
19,7,0 1 2 3 4 5 6 7 8 9 10 11 12 13 15 18 17 16 14
20,9,0 1 2 3 4 5 6 7 8 9 10 11 12 13 14 18 19 17 16 15
8,11,0 1 3 7 6 5 4 2
12,11,0 1 2 3 4 5 7 11 10 9 8 6
7,12,0 3 6 5 4 2 1
9,11,0 1 2 4 8 7 6 5 3
13,10,0 1 2 3 4 5 6 7 12 11 10 9 8
20,10,0 1 2 3 4 5 6 7 8 9 10 11 12 13 14 19 18 17 16 15
15,11,0 1 2 3 4 5 6 7 8 10 14 13 12 11 9
17,11,0 1 2 3 4 5 6 7 8 9 10 12 16 15 14 13 11
11,11,0 1 2 3 4 6 10 9 8 7 5
19,8,0 1 2 3 4 5 6 7 8 9 10 11 12 13 16 18 17 15 14
16,9,0 1 2 3 4 5 6 7 8 9 10 14 15 13 12 11
8,12,0 1 4 7 6 5 3 2
7,13,0 4 6 5 3 2 1
20,11,0 1 2 3 4 5 6 7 8 9 10 11 12 13 15 19 18 17 16 14
6,12,2 5 4 3 1 0
19,9,0 1 2 3 4 5 6 7 8 9 10 11 12 13 17 18 16 15 14
17,12,0 1 2 3 4 5 6 7 8 9 10 13 16 15 14 12 11
19,10,0 1 2 3 4 5 6 7 8 9 10 11 12 13 18 17 16 15 14
12,12,0 1 2 3 4 5 8 11 10 9 7 6
18,11,0 1 2 3 4 5 6 7 8 9 10 11 13 17 16 15 14 12
16,10,0 1 2 3 4 5 6 7 8 9 10 15 14 13 12 11
11,12,0 1 2 3 4 7 10 9 8 6 5
13,11,0 1 2 3 4 5 6 8 12 11 10 9 7
10,11,0 1 2 3 5 9 8 7 6 4
15,12,0 1 2 3 4 5 6 7 8 11 14 13 12 10 9
17,13,0 1 2 3 4 5 6 7 8 9 10 14 16 15 13 12 11
14,11,0 1 2 3 4 5 6 7 9 13 12 11 10 8
7,14,0 5 6 4 3 2 1
20,12,0 1 2 3 4 5 6 7 8 9 10 11 12 13 16 19 18 17 15 14
9,12,0 1 2 5 8 7 6 4 3
8,13,0 1 5 7 6 4 3 2
19,11,0 1 2 3 4 5 6 7 8 9 10 11 12 14 18 17 16 15 13
12,13,0 1 2 3 4 5 9 11 10 8 7 6
10,12,0 1 2 3 6 9 8 7 5 4
16,11,0 1 2 3 4 5 6 7 8 9 11 15 14 13 12 10
11,13,0 1 2 3 4 8 10 9 7 6 5
13,12,0 1 2 3 4 5 6 9 12 11 10 8 7
6,13,3 5 4 2 1 0
20,13,0 1 2 3 4 5 6 7 8 9 10 11 12 13 17 19 18 16 15 14
19,12,0 1 2 3 4 5 6 7 8 9 10 11 12 15 18 17 16 14 13
15,13,0 1 2 3 4 5 6 7 8 12 14 13 11 10 9
12,14,0 1 2 3 4 5 10 11 9 8 7 6
18,12,0 1 2 3 4 5 6 7 8 9 10 11 14 17 16 15 13 12
6,14,4 5 3 2 1 0
10,13,0 1 2 3 7 9 8 6 5 4
11,14,0 1 2 3 4 9 10 8 7 6 5
9,13,0 1 2 6 8 7 5 4 3
15,14,0 1 2 3 4 5 6 7 8 13 14 12 11 10 9
13,13,0 1 2 3 4 5 6 10 12 11 9 8 7
17,14,0 1 2 3 4 5 6 7 8 9 10 15 16 14 13 12 11
8,14,0 1 6 7 5 4 3 2
14,12,0 1 2 3 4 5 6 7 10 13 12 11 9 8
7,15,0 6 5 4 3 2 1
16,12,0 1 2 3 4 5 6 7 8 9 12 15 14 13 11 10
10,14,0 1 2 3 8 9 7 6 5 4
15,15,0 1 2 3 4 5 6 7 8 14 13 12 11 10 9
11,15,0 1 2 3 4 10 9 8 7 6 5
6,15,5 4 3 2 1 0
20,14,0 1 2 3 4 5 6 7 8 9 10 11 12 13 18 19 17 16 15 14
14,13,0 1 2 3 4 5 6 7 11 13 12 10 9 8
13,14,0 1 2 3 4 5 6 11 12 10 9 8 7
12,15,0 1 2 3 4 5 11 10 9 8 7 6
8,15,0 1 7 6 5 4 3 2
19,13,0 1 2 3 4 5 6 7 8 9 10 11 12 16 18 17 15 14 13
16,13,0 1 2 3 4 5 6 7 8 9 13 15 14 12 11 10
10,15,0 1 2 3 9 8 7 6 5 4
9,14,0 1 2 7 8 6 5 4 3
13,15,0 1 2 3 4 5 6 12 11 10 9 8 7
18,13,0 1 2 3 4 5 6 7 8 9 10 11 15 17 16 14 13 12
19,14,0 1 2 3 4 5 6 7 8 9 10 11 12 17 18 16 15 14 13
9,15,0 1 2 8 7 6 5 4 3
20,15,0 1 2 3 4 5 6 7 8 9 10 11 12 13 19 18 17 16 15 14
17,15,0 1 2 3 4 5 6 7 8 9 10 16 15 14 13 12 11
19,15,0 1 2 3 4 5 6 7 8 9 10 11 12 18 17 16 15 14 13
18,14,0 1 2 3 4 5 6 7 8 9 10 11 16 17 15 14 13 12
16,14,0 1 2 3 4 5 6 7 8 9 14 15 13 12 11 10
14,14,0 1 2 3 4 5 6 7 12 13 11 10 9 8
18,15,0 1 2 3 4 5 6 7 8 9 10 11 17 16 15 14 13 12
7,16,1 6 5 4 3 2 0
12,16,0 1 2 3 4 6 11 10 9 8 7 5
16,15,0 1 2 3 4 5 6 7 8 9 15 14 13 12 11 10
11,16,0 1 2 3 5 10 9 8 7 6 4
14,15,0 1 2 3 4 5 6 7 13 12 11 10 9 8
10,16,0 1 2 4 9 8 7 6 5 3
19,16,0 1 2 3 4 5 6 7 8 9 10 11 13 18 17 16 15 14 12
9,16,0 1 3 8 7 6 5 4 2
13,16,0 1 2 3 4 5 7 12 11 10 9 8 6
8,16,0 2 7 6 5 4 3 1
17,16,0 1 2 3 4 5 6 7 8 9 11 16 15 14 13 12 10
18,16,0 1 2 3 4 5 6 7 8 9 10 12 17 16 15 14 13 11
14,16,0 1 2 3 4 5 6 8 13 12 11 10 9 7
20,16,0 1 2 3 4 5 6 7 8 9 10 11 12 14 19 18 17 16 15 13
16,16,0 1 2 3 4 5 6 7 8 10 15 14 13 12 11 9
15,16,0 1 2 3 4 5 6 7 9 14 13 12 11 10 8
7,17,2 6 5 4 3 1 0
17,17,0 1 2 3 4 5 6 7 8 9 12 16 15 14 13 11 10
19,17,0 1 2 3 4 5 6 7 8 9 10 11 14 18 17 16 15 13 12
9,17,0 1 4 8 7 6 5 3 2
12,17,0 1 2 3 4 7 11 10 9 8 6 5
8,17,0 3 7 6 5 4 2 1
13,17,0 1 2 3 4 5 8 12 11 10 9 7 6
11,17,0 1 2 3 6 10 9 8 7 5 4
14,17,0 1 2 3 4 5 6 9 13 12 11 10 8 7
10,17,0 1 2 5 9 8 7 6 4 3
20,17,0 1 2 3 4 5 6 7 8 9 10 11 12 15 19 18 17 16 14 13
18,17,0 1 2 3 4 5 6 7 8 9 10 13 17 16 15 14 12 11
7,18,3 6 5 4 2 1 0
8,18,0 4 7 6 5 3 2 1
9,18,0 1 5 8 7 6 4 3 2
15,17,0 1 2 3 4 5 6 7 10 14 13 12 11 9 8
19,18,0 1 2 3 4 5 6 7 8 9 10 11 15 18 17 16 14 13 12
17,18,0 1 2 3 4 5 6 7 8 9 13 16 15 14 12 11 10
16,17,0 1 2 3 4 5 6 7 8 11 15 14 13 12 10 9
10,18,0 1 2 6 9 8 7 5 4 3
20,18,0 1 2 3 4 5 6 7 8 9 10 11 12 16 19 18 17 15 14 13
12,18,0 1 2 3 4 8 11 10 9 7 6 5
13,18,0 1 2 3 4 5 9 12 11 10 8 7 6
18,18,0 1 2 3 4 5 6 7 8 9 10 14 17 16 15 13 12 11
11,18,0 1 2 3 7 10 9 8 6 5 4
7,19,4 6 5 3 2 1 0
14,18,0 1 2 3 4 5 6 10 13 12 11 9 8 7
8,19,0 5 7 6 4 3 2 1
9,19,0 1 6 8 7 5 4 3 2
15,18,0 1 2 3 4 5 6 7 11 14 13 12 10 9 8
13,19,0 1 2 3 4 5 10 12 11 9 8 7 6
19,19,0 1 2 3 4 5 6 7 8 9 10 11 16 18 17 15 14 13 12
10,19,0 1 2 7 9 8 6 5 4 3
17,19,0 1 2 3 4 5 6 7 8 9 14 16 15 13 12 11 10
12,19,0 1 2 3 4 9 11 10 8 7 6 5
16,18,0 1 2 3 4 5 6 7 8 12 15 14 13 11 10 9
7,20,5 6 4 3 2 1 0
20,19,0 1 2 3 4 5 6 7 8 9 10 11 12 17 19 18 16 15 14 13
18,19,0 1 2 3 4 5 6 7 8 9 10 15 17 16 14 13 12 11
14,19,0 1 2 3 4 5 6 11 13 12 10 9 8 7
13,20,0 1 2 3 4 5 11 12 10 9 8 7 6
9,20,0 1 7 8 6 5 4 3 2
8,20,0 6 7 5 4 3 2 1
19,20,0 1 2 3 4 5 6 7 8 9 10 11 17 18 16 15 14 13 12
11,19,0 1 2 3 8 10 9 7 6 5 4
12,20,0 1 2 3 4 10 11 9 8 7 6 5
15,19,0 1 2 3 4 5 6 7 12 14 13 11 10 9 8
18,20,0 1 2 3 4 5 6 7 8 9 10 16 17 15 14 13 12 11
7,21,6 5 4 3 2 1 0
20,20,0 1 2 3 4 5 6 7 8 9 10 11 12 18 19 17 16 15 14 13
10,20,0 1 2 8 9 7 6 5 4 3
16,19,0 1 2 3 4 5 6 7 8 13 15 14 12 11 10 9
17,20,0 1 2 3 4 5 6 7 8 9 15 16 14 13 12 11 10
14,20,0 1 2 3 4 5 6 12 13 11 10 9 8 7
13,21,0 1 2 3 4 5 12 11 10 9 8 7 6
12,21,0 1 2 3 4 11 10 9 8 7 6 5
8,21,0 7 6 5 4 3 2 1
15,20,0 1 2 3 4 5 6 7 13 14 12 11 10 9 8
9,21,0 1 8 7 6 5 4 3 2
16,20,0 1 2 3 4 5 6 7 8 14 15 13 12 11 10 9
10,21,0 1 2 9 8 7 6 5 4 3
11,20,0 1 2 3 9 10 8 7 6 5 4
14,21,0 1 2 3 4 5 6 13 12 11 10 9 8 7
17,21,0 1 2 3 4 5 6 7 8 9 16 15 14 13 12 11 10
19,21,0 1 2 3 4 5 6 7 8 9 10 11 18 17 16 15 14 13 12
20,21,0 1 2 3 4 5 6 7 8 9 10 11 12 19 18 17 16 15 14 13
18,21,0 1 2 3 4 5 6 7 8 9 10 17 16 15 14 13 12 11
15,21,0 1 2 3 4 5 6 7 14 13 12 11 10 9 8
11,21,0 1 2 3 10 9 8 7 6 5 4
16,21,0 1 2 3 4 5 6 7 8 15 14 13 12 11 10 9
9,22,0 2 8 7 6 5 4 3 1
11,22,0 1 2 4 10 9 8 7 6 5 3
18,22,0 1 2 3 4 5 6 7 8 9 11 17 16 15 14 13 12 10
20,22,0 1 2 3 4 5 6 7 8 9 10 11 13 19 18 17 16 15 14 12
16,22,0 1 2 3 4 5 6 7 9 15 14 13 12 11 10 8
12,22,0 1 2 3 5 11 10 9 8 7 6 4
19,22,0 1 2 3 4 5 6 7 8 9 10 12 18 17 16 15 14 13 11
17,22,0 1 2 3 4 5 6 7 8 10 16 15 14 13 12 11 9
8,22,1 7 6 5 4 3 2 0
13,22,0 1 2 3 4 6 12 11 10 9 8 7 5
14,22,0 1 2 3 4 5 7 13 12 11 10 9 8 6
10,22,0 1 3 9 8 7 6 5 4 2
15,22,0 1 2 3 4 5 6 8 14 13 12 11 10 9 7
9,23,0 3 8 7 6 5 4 2 1
18,23,0 1 2 3 4 5 6 7 8 9 12 17 16 15 14 13 11 10
11,23,0 1 2 5 10 9 8 7 6 4 3
12,23,0 1 2 3 6 11 10 9 8 7 5 4
20,23,0 1 2 3 4 5 6 7 8 9 10 11 14 19 18 17 16 15 13 12
16,23,0 1 2 3 4 5 6 7 10 15 14 13 12 11 9 8
19,23,0 1 2 3 4 5 6 7 8 9 10 13 18 17 16 15 14 12 11
14,23,0 1 2 3 4 5 8 13 12 11 10 9 7 6
17,23,0 1 2 3 4 5 6 7 8 11 16 15 14 13 12 10 9
8,23,2 7 6 5 4 3 1 0
10,23,0 1 4 9 8 7 6 5 3 2
13,23,0 1 2 3 4 7 12 11 10 9 8 6 5
15,23,0 1 2 3 4 5 6 9 14 13 12 11 10 8 7
9,24,0 4 8 7 6 5 3 2 1
20,24,0 1 2 3 4 5 6 7 8 9 10 11 15 19 18 17 16 14 13 12
18,24,0 1 2 3 4 5 6 7 8 9 13 17 16 15 14 12 11 10
10,24,0 1 5 9 8 7 6 4 3 2
17,24,0 1 2 3 4 5 6 7 8 12 16 15 14 13 11 10 9
11,24,0 1 2 6 10 9 8 7 5 4 3
12,24,0 1 2 3 7 11 10 9 8 6 5 4
16,24,0 1 2 3 4 5 6 7 11 15 14 13 12 10 9 8
19,24,0 1 2 3 4 5 6 7 8 9 10 14 18 17 16 15 13 12 11
8,24,3 7 6 5 4 2 1 0
14,24,0 1 2 3 4 5 9 13 12 11 10 8 7 6
15,24,0 1 2 3 4 5 6 10 14 13 12 11 9 8 7
9,25,0 5 8 7 6 4 3 2 1
13,24,0 1 2 3 4 8 12 11 10 9 7 6 5
10,25,0 1 6 9 8 7 5 4 3 2
18,25,0 1 2 3 4 5 6 7 8 9 14 17 16 15 13 12 11 10
11,25,0 1 2 7 10 9 8 6 5 4 3
17,25,0 1 2 3 4 5 6 7 8 13 16 15 14 12 11 10 9
16,25,0 1 2 3 4 5 6 7 12 15 14 13 11 10 9 8
12,25,0 1 2 3 8 11 10 9 7 6 5 4
20,25,0 1 2 3 4 5 6 7 8 9 10 11 16 19 18 17 15 14 13 12
8,25,4 7 6 5 3 2 1 0
15,25,0 1 2 3 4 5 6 11 14 13 12 10 9 8 7
19,25,0 1 2 3 4 5 6 7 8 9 10 15 18 17 16 14 13 12 11
14,25,0 1 2 3 4 5 10 13 12 11 9 8 7 6
9,26,0 6 8 7 5 4 3 2 1
13,25,0 1 2 3 4 9 12 11 10 8 7 6 5
17,26,0 1 2 3 4 5 6 7 8 14 16 15 13 12 11 10 9
10,26,0 1 7 9 8 6 5 4 3 2
11,26,0 1 2 8 10 9 7 6 5 4 3
20,26,0 1 2 3 4 5 6 7 8 9 10 11 17 19 18 16 15 14 13 12
12,26,0 1 2 3 9 11 10 8 7 6 5 4
18,26,0 1 2 3 4 5 6 7 8 9 15 17 16 14 13 12 11 10
16,26,0 1 2 3 4 5 6 7 13 15 14 12 11 10 9 8
9,27,0 7 8 6 5 4 3 2 1
15,26,0 1 2 3 4 5 6 12 14 13 11 10 9 8 7
14,26,0 1 2 3 4 5 11 13 12 10 9 8 7 6
19,26,0 1 2 3 4 5 6 7 8 9 10 16 18 17 15 14 13 12 11
17,27,0 1 2 3 4 5 6 7 8 15 16 14 13 12 11 10 9
16,27,0 1 2 3 4 5 6 7 14 15 13 12 11 10 9 8
8,26,5 7 6 4 3 2 1 0
13,26,0 1 2 3 4 10 12 11 9 8 7 6 5
11,27,0 1 2 9 10 8 7 6 5 4 3
9,28,0 8 7 6 5 4 3 2 1
20,27,0 1 2 3 4 5 6 7 8 9 10 11 18 19 17 16 15 14 13 12
10,27,0 1 8 9 7 6 5 4 3 2
12,27,0 1 2 3 10 11 9 8 7 6 5 4
18,27,0 1 2 3 4 5 6 7 8 9 16 17 15 14 13 12 11 10
19,27,0 1 2 3 4 5 6 7 8 9 10 17 18 16 15 14 13 12 11
17,28,0 1 2 3 4 5 6 7 8 16 15 14 13 12 11 10 9
14,27,0 1 2 3 4 5 12 13 11 10 9 8 7 6
15,27,0 1 2 3 4 5 6 13 14 12 11 10 9 8 7
11,28,0 1 2 10 9 8 7 6 5 4 3
20,28,0 1 2 3 4 5 6 7 8 9 10 11 19 18 17 16 15 14 13 12
10,28,0 1 9 8 7 6 5 4 3 2
8,27,6 7 5 4 3 2 1 0
12,28,0 1 2 3 11 10 9 8 7 6 5 4
13,27,0 1 2 3 4 11 12 10 9 8 7 6 5
18,28,0 1 2 3 4 5 6 7 8 9 17 16 15 14 13 12 11 10
16,28,0 1 2 3 4 5 6 7 15 14 13 12 11 10 9 8
14,28,0 1 2 3 4 5 13 12 11 10 9 8 7 6
15,28,0 1 2 3 4 5 6 14 13 12 11 10 9 8 7
8,28,7 6 5 4 3 2 1 0
19,28,0 1 2 3 4 5 6 7 8 9 10 18 17 16 15 14 13 12 11
13,28,0 1 2 3 4 12 11 10 9 8 7 6 5
9,29,1 8 7 6 5 4 3 2 0
11,29,0 1 3 10 9 8 7 6 5 4 2
17,29,0 1 2 3 4 5 6 7 9 16 15 14 13 12 11 10 8
10,29,0 2 9 8 7 6 5 4 3 1
20,29,0 1 2 3 4 5 6 7 8 9 10 12 19 18 17 16 15 14 13 11
16,29,0 1 2 3 4 5 6 8 15 14 13 12 11 10 9 7
19,29,0 1 2 3 4 5 6 7 8 9 11 18 17 16 15 14 13 12 10
13,29,0 1 2 3 5 12 11 10 9 8 7 6 4
12,29,0 1 2 4 11 10 9 8 7 6 5 3
18,29,0 1 2 3 4 5 6 7 8 10 17 16 15 14 13 12 11 9
15,29,0 1 2 3 4 5 7 14 13 12 11 10 9 8 6
14,29,0 1 2 3 4 6 13 12 11 10 9 8 7 5
10,30,0 3 9 8 7 6 5 4 2 1
9,30,2 8 7 6 5 4 3 1 0
11,30,0 1 4 10 9 8 7 6 5 3 2
18,30,0 1 2 3 4 5 6 7 8 11 17 16 15 14 13 12 10 9
20,30,0 1 2 3 4 5 6 7 8 9 10 13 19 18 17 16 15 14 12 11
17,30,0 1 2 3 4 5 6 7 10 16 15 14 13 12 11 9 8
16,30,0 1 2 3 4 5 6 9 15 14 13 12 11 10 8 7
13,30,0 1 2 3 6 12 11 10 9 8 7 5 4
14,30,0 1 2 3 4 7 13 12 11 10 9 8 6 5
19,30,0 1 2 3 4 5 6 7 8 9 12 18 17 16 15 14 13 11 10
15,30,0 1 2 3 4 5 8 14 13 12 11 10 9 7 6
12,30,0 1 2 5 11 10 9 8 7 6 4 3
11,31,0 1 5 10 9 8 7 6 4 3 2
10,31,0 4 9 8 7 6 5 3 2 1
18,31,0 1 2 3 4 5 6 7 8 12 17 16 15 14 13 11 10 9
9,31,3 8 7 6 5 4 2 1 0
17,31,0 1 2 3 4 5 6 7 11 16 15 14 13 12 10 9 8
16,31,0 1 2 3 4 5 6 10 15 14 13 12 11 9 8 7
20,31,0 1 2 3 4 5 6 7 8 9 10 14 19 18 17 16 15 13 12 11
13,31,0 1 2 3 7 12 11 10 9 8 6 5 4
19,31,0 1 2 3 4 5 6 7 8 9 13 18 17 16 15 14 12 11 10
14,31,0 1 2 3 4 8 13 12 11 10 9 7 6 5
15,31,0 1 2 3 4 5 9 14 13 12 11 10 8 7 6
12,31,0 1 2 6 11 10 9 8 7 5 4 3
10,32,0 5 9 8 7 6 4 3 2 1
9,32,4 8 7 6 5 3 2 1 0
18,32,0 1 2 3 4 5 6 7 8 13 17 16 15 14 12 11 10 9
11,32,0 1 6 10 9 8 7 5 4 3 2
17,32,0 1 2 3 4 5 6 7 12 16 15 14 13 11 10 9 8
20,32,0 1 2 3 4 5 6 7 8 9 10 15 19 18 17 16 14 13 12 11
16,32,0 1 2 3 4 5 6 11 15 14 13 12 10 9 8 7
13,32,0 1 2 3 8 12 11 10 9 7 6 5 4
12,32,0 1 2 7 11 10 9 8 6 5 4 3
19,32,0 1 2 3 4 5 6 7 8 9 14 18 17 16 15 13 12 11 10
15,32,0 1 2 3 4 5 10 14 13 12 11 9 8 7 6
14,32,0 1 2 3 4 9 13 12 11 10 8 7 6 5
18,33,0 1 2 3 4 5 6 7 8 14 17 16 15 13 12 11 10 9
10,33,0 6 9 8 7 5 4 3 2 1
17,33,0 1 2 3 4 5 6 7 13 16 15 14 12 11 10 9 8
9,33,5 8 7 6 4 3 2 1 0
11,33,0 1 7 10 9 8 6 5 4 3 2
16,33,0 1 2 3 4 5 6 12 15 14 13 11 10 9 8 7
20,33,0 1 2 3 4 5 6 7 8 9 10 16 19 18 17 15 14 13 12 11
13,33,0 1 2 3 9 12 11 10 8 7 6 5 4
12,33,0 1 2 8 11 10 9 7 6 5 4 3
19,33,0 1 2 3 4 5 6 7 8 9 15 18 17 16 14 13 12 11 10
15,33,0 1 2 3 4 5 11 14 13 12 10 9 8 7 6
18,34,0 1 2 3 4 5 6 7 8 15 17 16 14 13 12 11 10 9
14,33,0 1 2 3 4 10 13 12 11 9 8 7 6 5
17,34,0 1 2 3 4 5 6 7 14 16 15 13 12 11 10 9 8
11,34,0 1 8 10 9 7 6 5 4 3 2
10,34,0 7 9 8 6 5 4 3 2 1
9,34,6 8 7 5 4 3 2 1 0
13,34,0 1 2 3 10 12 11 9 8 7 6 5 4
16,34,0 1 2 3 4 5 6 13 15 14 12 11 10 9 8 7
20,34,0 1 2 3 4 5 6 7 8 9 10 17 19 18 16 15 14 13 12 11
19,34,0 1 2 3 4 5 6 7 8 9 16 18 17 15 14 13 12 11 10
15,34,0 1 2 3 4 5 12 14 13 11 10 9 8 7 6
12,34,0 1 2 9 11 10 8 7 6 5 4 3
18,35,0 1 2 3 4 5 6 7 8 16 17 15 14 13 12 11 10 9
14,34,0 1 2 3 4 11 13 12 10 9 8 7 6 5
17,35,0 1 2 3 4 5 6 7 15 16 14 13 12 11 10 9 8
10,35,0 8 9 7 6 5 4 3 2 1
9,35,7 8 6 5 4 3 2 1 0
11,35,0 1 9 10 8 7 6 5 4 3 2
16,35,0 1 2 3 4 5 6 14 15 13 12 11 10 9 8 7
20,35,0 1 2 3 4 5 6 7 8 9 10 18 19 17 16 15 14 13 12 11
13,35,0 1 2 3 11 12 10 9 8 7 6 5 4
15,35,0 1 2 3 4 5 13 14 12 11 10 9 8 7 6
19,35,0 1 2 3 4 5 6 7 8 9 17 18 16 15 14 13 12 11 10
12,35,0 1 2 10 11 9 8 7 6 5 4 3
18,36,0 1 2 3 4 5 6 7 8 17 16 15 14 13 12 11 10 9
17,36,0 1 2 3 4 5 6 7 16 15 14 13 12 11 10 9 8
11,36,0 1 10 9 8 7 6 5 4 3 2
14,35,0 1 2 3 4 12 13 11 10 9 8 7 6 5
9,36,8 7 6 5 4 3 2 1 0
10,36,0 9 8 7 6 5 4 3 2 1
15,36,0 1 2 3 4 5 14 13 12 11 10 9 8 7 6
13,36,0 1 2 3 12 11 10 9 8 7 6 5 4
20,36,0 1 2 3 4 5 6 7 8 9 10 19 18 17 16 15 14 13 12 11
12,36,0 1 2 11 10 9 8 7 6 5 4 3
19,36,0 1 2 3 4 5 6 7 8 9 18 17 16 15 14 13 12 11 10
16,36,0 1 2 3 4 5 6 15 14 13 12 11 10 9 8 7
14,36,0 1 2 3 4 13 12 11 10 9 8 7 6 5
11,37,0 2 10 9 8 7 6 5 4 3 1
17,37,0 1 2 3 4 5 6 8 16 15 14 13 12 11 10 9 7
18,37,0 1 2 3 4 5 6 7 9 17 16 15 14 13 12 11 10 8
15,37,0 1 2 3 4 6 14 13 12 11 10 9 8 7 5
10,37,1 9 8 7 6 5 4 3 2 0
12,37,0 1 3 11 10 9 8 7 6 5 4 2
14,37,0 1 2 3 5 13 12 11 10 9 8 7 6 4
16,37,0 1 2 3 4 5 7 15 14 13 12 11 10 9 8 6
13,37,0 1 2 4 12 11 10 9 8 7 6 5 3
19,37,0 1 2 3 4 5 6 7 8 10 18 17 16 15 14 13 12 11 9
20,37,0 1 2 3 4 5 6 7 8 9 11 19 18 17 16 15 14 13 12 10
17,38,0 1 2 3 4 5 6 9 16 15 14 13 12 11 10 8 7
11,38,0 3 10 9 8 7 6 5 4 2 1
18,38,0 1 2 3 4 5 6 7 10 17 16 15 14 13 12 11 9 8
15,38,0 1 2 3 4 7 14 13 12 11 10 9 8 6 5
10,38,2 9 8 7 6 5 4 3 1 0
14,38,0 1 2 3 6 13 12 11 10 9 8 7 5 4
12,38,0 1 4 11 10 9 8 7 6 5 3 2
13,38,0 1 2 5 12 11 10 9 8 7 6 4 3
16,38,0 1 2 3 4 5 8 15 14 13 12 11 10 9 7 6
20,38,0 1 2 3 4 5 6 7 8 9 12 19 18 17 16 15 14 13 11 10
19,38,0 1 2 3 4 5 6 7 8 11 18 17 16 15 14 13 12 10 9
17,39,0 1 2 3 4 5 6 10 16 15 14 13 12 11 9 8 7
14,39,0 1 2 3 7 13 12 11 10 9 8 6 5 4
18,39,0 1 2 3 4 5 6 7 11 17 16 15 14 13 12 10 9 8
11,39,0 4 10 9 8 7 6 5 3 2 1
12,39,0 1 5 11 10 9 8 7 6 4 3 2
15,39,0 1 2 3 4 8 14 13 12 11 10 9 7 6 5
10,39,3 9 8 7 6 5 4 2 1 0
13,39,0 1 2 6 12 11 10 9 8 7 5 4 3
16,39,0 1 2 3 4 5 9 15 14 13 12 11 10 8 7 6
19,39,0 1 2 3 4 5 6 7 8 12 18 17 16 15 14 13 11 10 9
20,39,0 1 2 3 4 5 6 7 8 9 13 19 18 17 16 15 14 12 11 10
17,40,0 1 2 3 4 5 6 11 16 15 14 13 12 10 9 8 7
11,40,0 5 10 9 8 7 6 4 3 2 1
18,40,0 1 2 3 4 5 6 7 12 17 16 15 14 13 11 10 9 8
14,40,0 1 2 3 8 13 12 11 10 9 7 6 5 4
10,40,4 9 8 7 6 5 3 2 1 0
13,40,0 1 2 7 12 11 10 9 8 6 5 4 3
15,40,0 1 2 3 4 9 14 13 12 11 10 8 7 6 5
12,40,0 1 6 11 10 9 8 7 5 4 3 2
16,40,0 1 2 3 4 5 10 15 14 13 12 11 9 8 7 6
19,40,0 1 2 3 4 5 6 7 8 13 18 17 16 15 14 12 11 10 9
20,40,0 1 2 3 4 5 6 7 8 9 14 19 18 17 16 15 13 12 11 10
11,41,0 6 10 9 8 7 5 4 3 2 1
17,41,0 1 2 3 4 5 6 12 16 15 14 13 11 10 9 8 7
14,41,0 1 2 3 9 13 12 11 10 8 7 6 5 4
18,41,0 1 2 3 4 5 6 7 13 17 16 15 14 12 11 10 9 8
13,41,0 1 2 8 12 11 10 9 7 6 5 4 3
10,41,5 9 8 7 6 4 3 2 1 0
15,41,0 1 2 3 4 10 14 13 12 11 9 8 7 6 5
16,41,0 1 2 3 4 5 11 15 14 13 12 10 9 8 7 6
12,41,0 1 7 11 10 9 8 6 5 4 3 2
19,41,0 1 2 3 4 5 6 7 8 14 18 17 16 15 13 12 11 10 9
20,41,0 1 2 3 4 5 6 7 8 9 15 19 18 17 16 14 13 12 11 10
11,42,0 7 10 9 8 6 5 4 3 2 1
17,42,0 1 2 3 4 5 6 13 16 15 14 12 11 10 9 8 7
18,42,0 1 2 3 4 5 6 7 14 17 16 15 13 12 11 10 9 8
10,42,6 9 8 7 5 4 3 2 1 0
14,42,0 1 2 3 10 13 12 11 9 8 7 6 5 4
13,42,0 1 2 9 12 11 10 8 7 6 5 4 3
16,42,0 1 2 3 4 5 12 15 14 13 11 10 9 8 7 6
12,42,0 1 8 11 10 9 7 6 5 4 3 2
15,42,0 1 2 3 4 11 14 13 12 10 9 8 7 6 5
19,42,0 1 2 3 4 5 6 7 8 15 18 17 16 14 13 12 11 10 9
20,42,0 1 2 3 4 5 6 7 8 9 16 19 18 17 15 14 13 12 11 10
11,43,0 8 10 9 7 6 5 4 3 2 1
17,43,0 1 2 3 4 5 6 14 16 15 13 12 11 10 9 8 7
18,43,0 1 2 3 4 5 6 7 15 17 16 14 13 12 11 10 9 8
14,43,0 1 2 3 11 13 12 10 9 8 7 6 5 4
10,43,7 9 8 6 5 4 3 2 1 0
13,43,0 1 2 10 12 11 9 8 7 6 5 4 3
16,43,0 1 2 3 4 5 13 15 14 12 11 10 9 8 7 6
12,43,0 1 9 11 10 8 7 6 5 4 3 2
15,43,0 1 2 3 4 12 14 13 11 10 9 8 7 6 5
20,43,0 1 2 3 4 5 6 7 8 9 17 19 18 16 15 14 13 12 11 10
19,43,0 1 2 3 4 5 6 7 8 16 18 17 15 14 13 12 11 10 9
11,44,0 9 10 8 7 6 5 4 3 2 1
17,44,0 1 2 3 4 5 6 15 16 14 13 12 11 10 9 8 7
18,44,0 1 2 3 4 5 6 7 16 17 15 14 13 12 11 10 9 8
14,44,0 1 2 3 12 13 11 10 9 8 7 6 5 4
10,44,8 9 7 6 5 4 3 2 1 0
16,44,0 1 2 3 4 5 14 15 13 12 11 10 9 8 7 6
13,44,0 1 2 11 12 10 9 8 7 6 5 4 3
15,44,0 1 2 3 4 13 14 12 11 10 9 8 7 6 5
12,44,0 1 10 11 9 8 7 6 5 4 3 2
20,44,0 1 2 3 4 5 6 7 8 9 18 19 17 16 15 14 13 12 11 10
19,44,0 1 2 3 4 5 6 7 8 17 18 16 15 14 13 12 11 10 9
11,45,0 10 9 8 7 6 5 4 3 2 1
17,45,0 1 2 3 4 5 6 16 15 14 13 12 11 10 9 8 7
14,45,0 1 2 3 13 12 11 10 9 8 7 6 5 4
18,45,0 1 2 3 4 5 6 7 17 16 15 14 13 12 11 10 9 8
10,45,9 8 7 6 5 4 3 2 1 0
16,45,0 1 2 3 4 5 15 14 13 12 11 10 9 8 7 6
13,45,0 1 2 12 11 10 9 8 7 6 5 4 3
12,45,0 1 11 10 9 8 7 6 5 4 3 2
15,45,0 1 2 3 4 14 13 12 11 10 9 8 7 6 5
19,45,0 1 2 3 4 5 6 7 8 18 17 16 15 14 13 12 11 10 9
20,45,0 1 2 3 4 5 6 7 8 9 19 18 17 16 15 14 13 12 11 10
11,46,1 10 9 8 7 6 5 4 3 2 0
18,46,0 1 2 3 4 5 6 8 17 16 15 14 13 12 11 10 9 7
14,46,0 1 2 4 13 12 11 10 9 8 7 6 5 3
17,46,0 1 2 3 4 5 7 16 15 14 13 12 11 10 9 8 6
13,46,0 1 3 12 11 10 9 8 7 6 5 4 2
12,46,0 2 11 10 9 8 7 6 5 4 3 1
15,46,0 1 2 3 5 14 13 12 11 10 9 8 7 6 4
16,46,0 1 2 3 4 6 15 14 13 12 11 10 9 8 7 5
20,46,0 1 2 3 4 5 6 7 8 10 19 18 17 16 15 14 13 12 11 9
19,46,0 1 2 3 4 5 6 7 9 18 17 16 15 14 13 12 11 10 8
18,47,0 1 2 3 4 5 6 9 17 16 15 14 13 12 11 10 8 7
11,47,2 10 9 8 7 6 5 4 3 1 0
14,47,0 1 2 5 13 12 11 10 9 8 7 6 4 3
13,47,0 1 4 12 11 10 9 8 7 6 5 3 2
17,47,0 1 2 3 4 5 8 16 15 14 13 12 11 10 9 7 6
12,47,0 3 11 10 9 8 7 6 5 4 2 1
16,47,0 1 2 3 4 7 15 14 13 12 11 10 9 8 6 5
15,47,0 1 2 3 6 14 13 12 11 10 9 8 7 5 4
19,47,0 1 2 3 4 5 6 7 10 18 17 16 15 14 13 12 11 9 8
20,47,0 1 2 3 4 5 6 7 8 11 19 18 17 16 15 14 13 12 10 9
18,48,0 1 2 3 4 5 6 10 17 16 15 14 13 12 11 9 8 7
11,48,3 10 9 8 7 6 5 4 2 1 0
14,48,0 1 2 6 13 12 11 10 9 8 7 5 4 3
17,48,0 1 2 3 4 5 9 16 15 14 13 12 11 10 8 7 6
13,48,0 1 5 12 11 10 9 8 7 6 4 3 2
12,48,0 4 11 10 9 8 7 6 5 3 2 1
16,48,0 1 2 3 4 8 15 14 13 12 11 10 9 7 6 5
15,48,0 1 2 3 7 14 13 12 11 10 9 8 6 5 4
19,48,0 1 2 3 4 5 6 7 11 18 17 16 15 14 13 12 10 9 8
20,48,0 1 2 3 4 5 6 7 8 12 19 18 17 16 15 14 13 11 10 9
18,49,0 1 2 3 4 5 6 11 17 16 15 14 13 12 10 9 8 7
11,49,4 10 9 8 7 6 5 3 2 1 0
17,49,0 1 2 3 4 5 10 16 15 14 13 12 11 9 8 7 6
13,49,0 1 6 12 11 10 9 8 7 5 4 3 2
12,49,0 5 11 10 9 8 7 6 4 3 2 1
16,49,0 1 2 3 4 9 15 14 13 12 11 10 8 7 6 5
15,49,0 1 2 3 8 14 13 12 11 10 9 7 6 5 4
14,49,0 1 2 7 13 12 11 10 9 8 6 5 4 3
19,49,0 1 2 3 4 5 6 7 12 18 17 16 15 14 13 11 10 9 8
20,49,0 1 2 3 4 5 6 7 8 13 19 18 17 16 15 14 12 11 10 9
18,50,0 1 2 3 4 5 6 12 17 16 15 14 13 11 10 9 8 7
11,50,5 10 9 8 7 6 4 3 2 1 0
12,50,0 6 11 10 9 8 7 5 4 3 2 1
17,50,0 1 2 3 4 5 11 16 15 14 13 12 10 9 8 7 6
13,50,0 1 7 12 11 10 9 8 6 5 4 3 2
16,50,0 1 2 3 4 10 15 14 13 12 11 9 8 7 6 5
14,50,0 1 2 8 13 12 11 10 9 7 6 5 4 3
15,50,0 1 2 3 9 14 13 12 11 10 8 7 6 5 4
20,50,0 1 2 3 4 5 6 7 8 14 19 18 17 16 15 13 12 11 10 9
19,50,0 1 2 3 4 5 6 7 13 18 17 16 15 14 12 11 10 9 8
