Size,Swaps,Pattern
4,0,0 1 2 3
4,1,0 1 3 2
4,2,0 2 3 1
4,3,0 3 2 1
3,0,0 1 2
3,1,0 2 1
3,2,1 2 0
3,3,2 1 0
4,4,1 3 2 0
6,0,0 1 2 3 4 5
6,1,0 1 2 3 5 4
6,2,0 1 2 4 5 3
6,3,0 1 2 5 4 3
4,5,2 3 1 0
4,6,3 2 1 0
6,4,0 1 3 5 4 2
6,5,0 1 4 5 3 2
6,6,0 1 5 4 3 2
6,7,0 2 5 4 3 1
6,8,0 3 5 4 2 1
5,0,0 1 2 3 4
5,1,0 1 2 4 3
5,2,0 1 3 4 2
5,3,0 1 4 3 2
5,4,0 2 4 3 1
5,5,0 3 4 2 1
5,6,0 4 3 2 1
5,7,1 4 3 2 0
5,8,2 4 3 1 0
5,9,3 4 2 1 0
7,0,0 1 2 3 4 5 6
7,1,0 1 2 3 4 6 5
7,2,0 1 2 3 5 6 4
7,3,0 1 2 3 6 5 4
7,4,0 1 2 4 6 5 3
7,5,0 1 2 5 6 4 3
7,6,0 1 2 6 5 4 3
7,7,0 1 3 6 5 4 2
7,8,0 1 4 6 5 3 2
7,9,0 1 5 6 4 3 2
6,9,0 4 5 3 2 1
10,0,0 1 2 3 4 5 6 7 8 9
10,1,0 1 2 3 4 5 6 7 9 8
10,2,0 1 2 3 4 5 6 8 9 7
10,3,0 1 2 3 4 5 6 9 8 7
10,4,0 1 2 3 4 5 7 9 8 6
6,10,0 5 4 3 2 1
10,5,0 1 2 3 4 5 8 9 7 6
10,6,0 1 2 3 4 5 9 8 7 6
11,0,0 1 2 3 4 5 6 7 8 9 10
11,1,0 1 2 3 4 5 6 7 8 10 9
11,2,0 1 2 3 4 5 6 7 9 10 8
11,3,0 1 2 3 4 5 6 7 10 9 8
11,4,0 1 2 3 4 5 6 8 10 9 7
11,5,0 1 2 3 4 5 6 9 10 8 7
11,6,0 1 2 3 4 5 6 10 9 8 7
9,0,0 1 2 3 4 5 6 7 8
9,1,0 1 2 3 4 5 6 8 7
9,2,0 1 2 3 4 5 7 8 6
9,3,0 1 2 3 4 5 8 7 6
9,4,0 1 2 3 4 6 8 7 5
9,5,0 1 2 3 4 7 8 6 5
9,6,0 1 2 3 4 8 7 6 5
7,10,0 1 6 5 4 3 2
10,7,0 1 2 3 4 6 9 8 7 5
12,0,0 1 2 3 4 5 6 7 8 9 10 11
12,1,0 1 2 3 4 5 6 7 8 9 11 10
12,2,0 1 2 3 4 5 6 7 8 10 11 9
12,3,0 1 2 3 4 5 6 7 8 11 10 9
12,4,0 1 2 3 4 5 6 7 9 11 10 8
12,5,0 1 2 3 4 5 6 7 10 11 9 8
5,10,4 3 2 1 0
12,6,0 1 2 3 4 5 6 7 11 10 9 8
10,8,0 1 2 3 4 7 9 8 6 5
12,7,0 1 2 3 4 5 6 8 11 10 9 7
12,8,0 1 2 3 4 5 6 9 11 10 8 7
10,9,0 1 2 3 4 8 9 7 6 5
11,7,0 1 2 3 4 5 7 10 9 8 6
14,0,0 1 2 3 4 5 6 7 8 9 10 11 12 13
14,1,0 1 2 3 4 5 6 7 8 9 10 11 13 12
14,2,0 1 2 3 4 5 6 7 8 9 10 12 13 11
14,3,0 1 2 3 4 5 6 7 8 9 10 13 12 11
13,0,0 1 2 3 4 5 6 7 8 9 10 11 12
13,1,0 1 2 3 4 5 6 7 8 9 10 12 11
13,2,0 1 2 3 4 5 6 7 8 9 11 12 10
15,0,0 1 2 3 4 5 6 7 8 9 10 11 12 13 14
15,1,0 1 2 3 4 5 6 7 8 9 10 11 12 14 13
15,2,0 1 2 3 4 5 6 7 8 9 10 11 13 14 12
15,3,0 1 2 3 4 5 6 7 8 9 10 11 14 13 12
15,4,0 1 2 3 4 5 6 7 8 9 10 12 14 13 11
13,3,0 1 2 3 4 5 6 7 8 9 12 11 10
13,4,0 1 2 3 4 5 6 7 8 10 12 11 9
9,7,0 1 2 3 5 8 7 6 4
13,5,0 1 2 3 4 5 6 7 8 11 12 10 9
15,5,0 1 2 3 4 5 6 7 8 9 10 13 14 12 11
9,8,0 1 2 3 6 8 7 5 4
10,10,0 1 2 3 4 9 8 7 6 5
9,9,0 1 2 3 7 8 6 5 4
12,9,0 1 2 3 4 5 6 10 11 9 8 7
16,0,0 1 2 3 4 5 6 7 8 9 10 11 12 13 14 15
16,1,0 1 2 3 4 5 6 7 8 9 10 11 12 13 15 14
16,2,0 1 2 3 4 5 6 7 8 9 10 11 12 14 15 13
13,6,0 1 2 3 4 5 6 7 8 12 11 10 9
16,3,0 1 2 3 4 5 6 7 8 9 10 11 12 15 14 13
16,4,0 1 2 3 4 5 6 7 8 9 10 11 13 15 14 12
15,6,0 1 2 3 4 5 6 7 8 9 10 14 13 12 11
16,5,0 1 2 3 4 5 6 7 8 9 10 11 14 15 13 12
16,6,0 1 2 3 4 5 6 7 8 9 10 11 15 14 13 12
9,10,0 1 2 3 8 7 6 5 4
17,0,0 1 2 3 4 5 6 7 8 9 10 11 12 13 14 15 16
17,1,0 1 2 3 4 5 6 7 8 9 10 11 12 13 14 16 15
17,2,0 1 2 3 4 5 6 7 8 9 10 11 12 13 15 16 14
17,3,0 1 2 3 4 5 6 7 8 9 10 11 12 13 16 15 14
17,4,0 1 2 3 4 5 6 7 8 9 10 11 12 14 16 15 13
6,11,1 5 4 3 2 0
16,7,0 1 2 3 4 5 6 7 8 9 10 12 15 14 13 11
11,8,0 1 2 3 4 5 8 10 9 7 6
11,9,0 1 2 3 4 5 9 10 8 7 6
18,0,0 1 2 3 4 5 6 7 8 9 10 11 12 13 14 15 16 17
18,1,0 1 2 3 4 5 6 7 8 9 10 11 12 13 14 15 17 16
18,2,0 1 2 3 4 5 6 7 8 9 10 11 12 13 14 16 17 15
18,3,0 1 2 3 4 5 6 7 8 9 10 11 12 13 14 17 16 15
18,4,0 1 2 3 4 5 6 7 8 9 10 11 12 13 15 17 16 14
19,0,0 1 2 3 4 5 6 7 8 9 10 11 12 13 14 15 16 17 18
19,1,0 1 2 3 4 5 6 7 8 9 10 11 12 13 14 15 16 18 17
19,2,0 1 2 3 4 5 6 7 8 9 10 11 12 13 14 15 17 18 16
19,3,0 1 2 3 4 5 6 7 8 9 10 11 12 13 14 15 18 17 16
16,8,0 1 2 3 4 5 6 7 8 9 10 13 15 14 12 11
19,4,0 1 2 3 4 5 6 7 8 9 10 11 12 13 14 16 18 17 15
13,7,0 1 2 3 4 5 6 7 9 12 11 10 8
17,5,0 1 2 3 4 5 6 7 8 9 10 11 12 15 16 14 13
20,0,0 1 2 3 4 5 6 7 8 9 10 11 12 13 14 15 16 17 18 19
20,1,0 1 2 3 4 5 6 7 8 9 10 11 12 13 14 15 16 17 19 18
17,6,0 1 2 3 4 5 6 7 8 9 10 11 12 16 15 14 13
19,5,0 1 2 3 4 5 6 7 8 9 10 11 12 13 14 17 18 16 15
19,6,0 1 2 3 4 5 6 7 8 9 10 11 12 13 14 18 17 16 15
11,10,0 1 2 3 4 5 10 9 8 7 6
13,8,0 1 2 3 4 5 6 7 10 12 11 9 8
20,2,0 1 2 3 4 5 6 7 8 9 10 11 12 13 14 15 16 18 19 17
20,3,0 1 2 3 4 5 6 7 8 9 10 11 12 13 14 15 16 19 18 17
8,0,0 1 2 3 4 5 6 7
8,1,0 1 2 3 4 5 7 6
8,2,0 1 2 3 4 6 7 5
8,3,0 1 2 3 4 7 6 5
20,4,0 1 2 3 4 5 6 7 8 9 10 11 12 13 14 15 17 19 18 16
17,7,0 1 2 3 4 5 6 7 8 9 10 11 13 16 15 14 12
14,4,0 1 2 3 4 5 6 7 8 9 11 13 12 10
8,4,0 1 2 3 5 7 6 4
18,5,0 1 2 3 4 5 6 7 8 9 10 11 12 13 16 17 15 14
12,10,0 1 2 3 4 5 6 11 10 9 8 7
15,7,0 1 2 3 4 5 6 7 8 9 11 14 13 12 10
14,5,0 1 2 3 4 5 6 7 8 9 12 13 11 10
14,6,0 1 2 3 4 5 6 7 8 9 13 12 11 10
19,7,0 1 2 3 4 5 6 7 8 9 10 11 12 13 15 18 17 16 14
17,8,0 1 2 3 4 5 6 7 8 9 10 11 14 16 15 13 12
20,5,0 1 2 3 4 5 6 7 8 9 10 11 12 13 14 15 18 19 17 16
18,6,0 1 2 3 4 5 6 7 8 9 10 11 12 13 17 16 15 14
20,6,0 1 2 3 4 5 6 7 8 9 10 11 12 13 14 15 19 18 17 16
16,9,0 1 2 3 4 5 6 7 8 9 10 14 15 13 12 11
13,9,0 1 2 3 4 5 6 7 11 12 10 9 8
13,10,0 1 2 3 4 5 6 7 12 11 10 9 8
6,12,2 5 4 3 1 0
14,7,0 1 2 3 4 5 6 7 8 10 13 12 11 9
15,8,0 1 2 3 4 5 6 7 8 9 12 14 13 11 10
18,7,0 1 2 3 4 5 6 7 8 9 10 11 12 14 17 16 15 13
19,8,0 1 2 3 4 5 6 7 8 9 10 11 12 13 16 18 17 15 14
15,9,0 1 2 3 4 5 6 7 8 9 13 14 12 11 10
18,8,0 1 2 3 4 5 6 7 8 9 10 11 12 15 17 16 14 13
20,7,0 1 2 3 4 5 6 7 8 9 10 11 12 13 14 16 19 18 17 15
8,5,0 1 2 3 6 7 5 4
19,9,0 1 2 3 4 5 6 7 8 9 10 11 12 13 17 18 16 15 14
8,6,0 1 2 3 7 6 5 4
14,8,0 1 2 3 4 5 6 7 8 11 13 12 10 9
15,10,0 1 2 3 4 5 6 7 8 9 14 13 12 11 10
9,11,0 1 2 4 8 7 6 5 3
10,11,0 1 2 3 5 9 8 7 6 4
17,9,0 1 2 3 4 5 6 7 8 9 10 11 15 16 14 13 12
14,9,0 1 2 3 4 5 6 7 8 12 13 11 10 9
20,8,0 1 2 3 4 5 6 7 8 9 10 11 12 13 14 17 19 18 16 15
20,9,0 1 2 3 4 5 6 7 8 9 10 11 12 13 14 18 19 17 16 15
14,10,0 1 2 3 4 5 6 7 8 13 12 11 10 9
19,10,0 1 2 3 4 5 6 7 8 9 10 11 12 13 18 17 16 15 14
16,10,0 1 2 3 4 5 6 7 8 9 10 15 14 13 12 11
20,10,0 1 2 3 4 5 6 7 8 9 10 11 12 13 14 19 18 17 16 15
18,9,0 1 2 3 4 5 6 7 8 9 10 11 12 16 17 15 14 13
6,13,3 5 4 2 1 0
17,10,0 1 2 3 4 5 6 7 8 9 10 11 16 15 14 13 12
11,11,0 1 2 3 4 6 10 9 8 7 5
7,11,0 2 6 5 4 3 1
8,7,0 1 2 4 7 6 5 3
8,8,0 1 2 5 7 6 4 3
15,11,0 1 2 3 4 5 6 7 8 10 14 13 12 11 9
9,12,0 1 2 5 8 7 6 4 3
18,10,0 1 2 3 4 5 6 7 8 9 10 11 12 17 16 15 14 13
12,11,0 1 2 3 4 5 7 11 10 9 8 6
8,9,0 1 2 6 7 5 4 3
8,10,0 1 2 7 6 5 4 3
14,11,0 1 2 3 4 5 6 7 9 13 12 11 10 8
10,12,0 1 2 3 6 9 8 7 5 4
20,11,0 1 2 3 4 5 6 7 8 9 10 11 12 13 15 19 18 17 16 14
9,13,0 1 2 6 8 7 5 4 3
16,11,0 1 2 3 4 5 6 7 8 9 11 15 14 13 12 10
13,11,0 1 2 3 4 5 6 8 12 11 10 9 7
11,12,0 1 2 3 4 7 10 9 8 6 5
17,11,0 1 2 3 4 5 6 7 8 9 10 12 16 15 14 13 11
18,11,0 1 2 3 4 5 6 7 8 9 10 11 13 17 16 15 14 12
6,14,4 5 3 2 1 0
7,12,0 3 6 5 4 2 1
19,11,0 1 2 3 4 5 6 7 8 9 10 11 12 14 18 17 16 15 13
14,12,0 1 2 3 4 5 6 7 10 13 12 11 9 8
13,12,0 1 2 3 4 5 6 9 12 11 10 8 7
20,12,0 1 2 3 4 5 6 7 8 9 10 11 12 13 16 19 18 17 15 14
10,13,0 1 2 3 7 9 8 6 5 4
16,12,0 1 2 3 4 5 6 7 8 9 12 15 14 13 11 10
7,13,0 4 6 5 3 2 1
14,13,0 1 2 3 4 5 6 7 11 13 12 10 9 8
12,12,0 1 2 3 4 5 8 11 10 9 7 6
9,14,0 1 2 7 8 6 5 4 3
8,11,0 1 3 7 6 5 4 2
6,15,5 4 3 2 1 0
18,12,0 1 2 3 4 5 6 7 8 9 10 11 14 17 16 15 13 12
17,12,0 1 2 3 4 5 6 7 8 9 10 13 16 15 14 12 11
20,13,0 1 2 3 4 5 6 7 8 9 10 11 12 13 17 19 18 16 15 14
19,12,0 1 2 3 4 5 6 7 8 9 10 11 12 15 18 17 16 14 13
10,14,0 1 2 3 8 9 7 6 5 4
15,12,0 1 2 3 4 5 6 7 8 11 14 13 12 10 9
7,14,0 5 6 4 3 2 1
14,14,0 1 2 3 4 5 6 7 12 13 11 10 9 8
11,13,0 1 2 3 4 8 10 9 7 6 5
9,15,0 1 2 8 7 6 5 4 3
13,13,0 1 2 3 4 5 6 10 12 11 9 8 7
16,13,0 1 2 3 4 5 6 7 8 9 13 15 14 12 11 10
10,15,0 1 2 3 9 8 7 6 5 4
7,15,0 6 5 4 3 2 1
18,13,0 1 2 3 4 5 6 7 8 9 10 11 15 17 16 14 13 12
17,13,0 1 2 3 4 5 6 7 8 9 10 14 16 15 13 12 11
12,13,0 1 2 3 4 5 9 11 10 8 7 6
14,15,0 1 2 3 4 5 6 7 13 12 11 10 9 8
20,14,0 1 2 3 4 5 6 7 8 9 10 11 12 13 18 19 17 16 15 14
16,14,0 1 2 3 4 5 6 7 8 9 14 15 13 12 11 10
8,12,0 1 4 7 6 5 3 2
19,13,0 1 2 3 4 5 6 7 8 9 10 11 12 16 18 17 15 14 13
15,13,0 1 2 3 4 5 6 7 8 12 14 13 11 10 9
18,14,0 1 2 3 4 5 6 7 8 9 10 11 16 17 15 14 13 12
8,13,0 1 5 7 6 4 3 2
11,14,0 1 2 3 4 9 10 8 7 6 5
20,15,0 1 2 3 4 5 6 7 8 9 10 11 12 13 19 18 17 16 15 14
8,14,0 1 6 7 5 4 3 2
11,15,0 1 2 3 4 10 9 8 7 6 5
18,15,0 1 2 3 4 5 6 7 8 9 10 11 17 16 15 14 13 12
17,14,0 1 2 3 4 5 6 7 8 9 10 15 16 14 13 12 11
15,14,0 1 2 3 4 5 6 7 8 13 14 12 11 10 9
8,15,0 1 7 6 5 4 3 2
13,14,0 1 2 3 4 5 6 11 12 10 9 8 7
19,14,0 1 2 3 4 5 6 7 8 9 10 11 12 17 18 16 15 14 13
12,14,0 1 2 3 4 5 10 11 9 8 7 6
15,15,0 1 2 3 4 5 6 7 8 14 13 12 11 10 9
13,15,0 1 2 3 4 5 6 12 11 10 9 8 7
19,15,0 1 2 3 4 5 6 7 8 9 10 11 12 18 17 16 15 14 13
16,15,0 1 2 3 4 5 6 7 8 9 15 14 13 12 11 10
17,15,0 1 2 3 4 5 6 7 8 9 10 16 15 14 13 12 11
12,15,0 1 2 3 4 5 11 10 9 8 7 6
14,16,0 1 2 3 4 5 6 8 13 12 11 10 9 7
7,16,1 6 5 4 3 2 0
20,16,0 1 2 3 4 5 6 7 8 9 10 11 12 14 19 18 17 16 15 13
9,16,0 1 3 8 7 6 5 4 2
11,16,0 1 2 3 5 10 9 8 7 6 4
10,16,0 1 2 4 9 8 7 6 5 3
12,16,0 1 2 3 4 6 11 10 9 8 7 5
13,16,0 1 2 3 4 5 7 12 11 10 9 8 6
8,16,0 2 7 6 5 4 3 1
19,16,0 1 2 3 4 5 6 7 8 9 10 11 13 18 17 16 15 14 12
15,16,0 1 2 3 4 5 6 7 9 14 13 12 11 10 8
16,16,0 1 2 3 4 5 6 7 8 10 15 14 13 12 11 9
17,16,0 1 2 3 4 5 6 7 8 9 11 16 15 14 13 12 10
9,17,0 1 4 8 7 6 5 3 2
18,16,0 1 2 3 4 5 6 7 8 9 10 12 17 16 15 14 13 11
14,17,0 1 2 3 4 5 6 9 13 12 11 10 8 7
7,17,2 6 5 4 3 1 0
10,17,0 1 2 5 9 8 7 6 4 3
11,17,0 1 2 3 6 10 9 8 7 5 4
12,17,0 1 2 3 4 7 11 10 9 8 6 5
8,17,0 3 7 6 5 4 2 1
15,17,0 1 2 3 4 5 6 7 10 14 13 12 11 9 8
16,17,0 1 2 3 4 5 6 7 8 11 15 14 13 12 10 9
20,17,0 1 2 3 4 5 6 7 8 9 10 11 12 15 19 18 17 16 14 13
17,17,0 1 2 3 4 5 6 7 8 9 12 16 15 14 13 11 10
13,17,0 1 2 3 4 5 8 12 11 10 9 7 6
18,17,0 1 2 3 4 5 6 7 8 9 10 13 17 16 15 14 12 11
14,18,0 1 2 3 4 5 6 10 13 12 11 9 8 7
9,18,0 1 5 8 7 6 4 3 2
11,18,0 1 2 3 7 10 9 8 6 5 4
19,17,0 1 2 3 4 5 6 7 8 9 10 11 14 18 17 16 15 13 12
16,18,0 1 2 3 4 5 6 7 8 12 15 14 13 11 10 9
10,18,0 1 2 6 9 8 7 5 4 3
12,18,0 1 2 3 4 8 11 10 9 7 6 5
17,18,0 1 2 3 4 5 6 7 8 9 13 16 15 14 12 11 10
13,18,0 1 2 3 4 5 9 12 11 10 8 7 6
7,18,3 6 5 4 2 1 0
8,18,0 4 7 6 5 3 2 1
14,19,0 1 2 3 4 5 6 11 13 12 10 9 8 7
20,18,0 1 2 3 4 5 6 7 8 9 10 11 12 16 19 18 17 15 14 13
15,18,0 1 2 3 4 5 6 7 11 14 13 12 10 9 8
11,19,0 1 2 3 8 10 9 7 6 5 4
18,18,0 1 2 3 4 5 6 7 8 9 10 14 17 16 15 13 12 11
9,19,0 1 6 8 7 5 4 3 2
12,19,0 1 2 3 4 9 11 10 8 7 6 5
17,19,0 1 2 3 4 5 6 7 8 9 14 16 15 13 12 11 10
19,18,0 1 2 3 4 5 6 7 8 9 10 11 15 18 17 16 14 13 12
10,19,0 1 2 7 9 8 6 5 4 3
13,19,0 1 2 3 4 5 10 12 11 9 8 7 6
16,19,0 1 2 3 4 5 6 7 8 13 15 14 12 11 10 9
15,19,0 1 2 3 4 5 6 7 12 14 13 11 10 9 8
7,19,4 6 5 3 2 1 0
11,20,0 1 2 3 9 10 8 7 6 5 4
9,20,0 1 7 8 6 5 4 3 2
8,19,0 5 7 6 4 3 2 1
14,20,0 1 2 3 4 5 6 12 13 11 10 9 8 7
20,19,0 1 2 3 4 5 6 7 8 9 10 11 12 17 19 18 16 15 14 13
12,20,0 1 2 3 4 10 11 9 8 7 6 5
16,20,0 1 2 3 4 5 6 7 8 14 15 13 12 11 10 9
10,20,0 1 2 8 9 7 6 5 4 3
13,20,0 1 2 3 4 5 11 12 10 9 8 7 6
15,20,0 1 2 3 4 5 6 7 13 14 12 11 10 9 8
18,19,0 1 2 3 4 5 6 7 8 9 10 15 17 16 14 13 12 11
17,20,0 1 2 3 4 5 6 7 8 9 15 16 14 13 12 11 10
7,20,5 6 4 3 2 1 0
20,20,0 1 2 3 4 5 6 7 8 9 10 11 12 18 19 17 16 15 14 13
8,20,0 6 7 5 4 3 2 1
19,19,0 1 2 3 4 5 6 7 8 9 10 11 16 18 17 15 14 13 12
19,20,0 1 2 3 4 5 6 7 8 9 10 11 17 18 16 15 14 13 12
18,20,0 1 2 3 4 5 6 7 8 9 10 16 17 15 14 13 12 11
